{"cameraMode":{"drawMode":0,"name":"Shaded","section":"Shading Mode"},"sceneLighting":false,"audioPlay":false,"sceneViewState":{"showFog":true,"showMaterialUpdate":false,"showSkybox":false,"showFlares":true,"showImageEffects":true,"showParticleSystems":true},"in2DMode":false,"pivot":{"x":-0.17054185271263123,"y":0.1441946178674698,"z":0.24275155365467072},"rotation":{"x":-0.07732570171356201,"y":-0.9226640462875366,"z":0.2706368565559387,"w":-0.26371413469314577},"size":2.38075590133667,"orthographic":false}