{"cameraMode":{"drawMode":0,"name":"Shaded","section":"Shading Mode"},"sceneLighting":false,"audioPlay":false,"sceneViewState":{"showFog":true,"showMaterialUpdate":true,"showSkybox":true,"showFlares":true,"showImageEffects":true,"showParticleSystems":true},"in2DMode":false,"pivot":{"x":2.0737297534942629,"y":2.429312229156494,"z":0.2395518720149994},"rotation":{"x":0.3222132921218872,"y":0.61887526512146,"z":-0.3084096610546112,"w":0.6466012597084045},"size":4.568583965301514,"orthographic":false}