{"cameraMode":{"drawMode":0,"name":"Shaded","section":"Shading Mode"},"sceneLighting":false,"audioPlay":false,"sceneViewState":{"showFog":true,"showMaterialUpdate":false,"showSkybox":false,"showFlares":true,"showImageEffects":true,"showParticleSystems":true},"in2DMode":false,"pivot":{"x":0.09189651906490326,"y":-0.5004062056541443,"z":-8.950798988342286},"rotation":{"x":-0.10165271162986756,"y":-0.7069209814071655,"z":0.10381368547677994,"w":-0.6922231316566467},"size":14.537723541259766,"orthographic":false}