{"cameraMode":{"drawMode":0,"name":"Shaded","section":"Shading Mode"},"sceneLighting":true,"audioPlay":false,"sceneViewState":{"showFog":true,"showMaterialUpdate":false,"showSkybox":true,"showFlares":true,"showImageEffects":true,"showParticleSystems":true},"in2DMode":false,"pivot":{"x":2.753661870956421,"y":0.8137328028678894,"z":-1.5009093284606934},"rotation":{"x":-0.15328170359134675,"y":-0.6787987351417542,"z":0.14815180003643037,"w":-0.7027996778488159},"size":0.39811331033706667,"orthographic":false}