{"cameraMode":{"drawMode":0,"name":"Shaded","section":"Shading Mode"},"sceneLighting":true,"audioPlay":false,"sceneViewState":{"showFog":true,"showMaterialUpdate":false,"showSkybox":true,"showFlares":true,"showImageEffects":true,"showParticleSystems":true},"in2DMode":false,"pivot":{"x":4.047632217407227,"y":-2.621774911880493,"z":-3.345506191253662},"rotation":{"x":0.1215967983007431,"y":0.8744598031044006,"z":-0.3736572563648224,"w":0.284626841545105},"size":11.490171432495118,"orthographic":false}