{"cameraMode":{"drawMode":0,"name":"Shaded","section":"Shading Mode"},"sceneLighting":true,"audioPlay":false,"sceneViewState":{"showFog":true,"showMaterialUpdate":false,"showSkybox":true,"showFlares":true,"showImageEffects":true,"showParticleSystems":true},"in2DMode":false,"pivot":{"x":3.651355504989624,"y":-2.62587833404541,"z":1.6806875467300416},"rotation":{"x":-0.2820270359516144,"y":-0.6766185164451599,"z":0.3171686828136444,"w":-0.6017588376998901},"size":9.628150939941407,"orthographic":false}