{"cameraMode":{"drawMode":0,"name":"Shaded","section":"Shading Mode"},"sceneLighting":true,"audioPlay":false,"sceneViewState":{"showFog":true,"showMaterialUpdate":false,"showSkybox":true,"showFlares":true,"showImageEffects":true,"showParticleSystems":true},"in2DMode":false,"pivot":{"x":0.45772266387939455,"y":-0.024063825607299806,"z":1.3341963291168213},"rotation":{"x":-0.3286408483982086,"y":-0.5632068514823914,"z":0.2599233090877533,"w":-0.71232008934021},"size":4.447131633758545,"orthographic":false}