{"cameraMode":{"drawMode":0,"name":"Shaded","section":"Shading Mode"},"sceneLighting":false,"audioPlay":false,"sceneViewState":{"showFog":true,"showMaterialUpdate":false,"showSkybox":false,"showFlares":true,"showImageEffects":true,"showParticleSystems":true},"in2DMode":false,"pivot":{"x":-0.49999725818634035,"y":0.024997549131512643,"z":-9.49999713897705},"rotation":{"x":-0.10569051653146744,"y":-0.7133439183235169,"z":0.11022781580686569,"w":-0.6839897036552429},"size":2.8578836917877199,"orthographic":false}