{"cameraMode":{"drawMode":0,"name":"Shaded","section":"Shading Mode"},"sceneLighting":false,"audioPlay":false,"sceneViewState":{"showFog":true,"showMaterialUpdate":false,"showSkybox":false,"showFlares":true,"showImageEffects":true,"showParticleSystems":true},"in2DMode":false,"pivot":{"x":-0.00010129809379577637,"y":0.6105654239654541,"z":0.0},"rotation":{"x":-0.29376649856567385,"y":-0.6317633986473084,"z":0.28126949071884158,"w":-0.6600233316421509},"size":2.0365326404571535,"orthographic":false}